geoid,fips_state_code,fips_code,pollutant_code,total_emissions
05035,05,035,NOX,126.60569966960001
05035,05,035,SO2,0.6088999938999999
05093,05,093,NOX,16.3649999202
05093,05,093,SO2,0.1148000005
10003,10,003,NH3,10.150198999999999
10003,10,003,NOX,332.80347
10003,10,003,SO2,100.71143199999999
17001,17,001,NH3,57.70792399999995
17001,17,001,NOX,11459.864560686807
17001,17,001,SO2,57778.98887600694
17003,17,003,NH3,15.266361
17003,17,003,NOX,2677.3188387860005
17003,17,003,SO2,5384.338155949992
17005,17,005,NH3,3.2899819999999993
17005,17,005,NOX,318.83676782299966
17005,17,005,SO2,30.34598398500001
17007,17,007,NH3,36.02928175999997
17007,17,007,NOX,4028.853141079005
17007,17,007,SO2,6747.070209780413
17009,17,009,NH3,0.078884
17009,17,009,NOX,31.91928357099997
17009,17,009,SO2,3.867302752499998
17011,17,011,NH3,7.1274219999999975
17011,17,011,NOX,1057.9856338979992
17011,17,011,SO2,188.56224443499934
17013,17,013,NH3,0.21981000000000003
17013,17,013,NOX,6.963948326999996
17013,17,013,SO2,0.09875337499999999
17015,17,015,NH3,8.930038
17015,17,015,NOX,714.2474488279998
17015,17,015,SO2,846.7839814049995
17017,17,017,NH3,27.092327499999996
17017,17,017,NOX,1226.8036285550002
17017,17,017,SO2,464.114773138
17019,17,019,NH3,111.54668652289992
17019,17,019,NOX,21454.15287755801
17019,17,019,SO2,28003.524067441664
17021,17,021,NH3,251.72214465299993
17021,17,021,NOX,289425.9013012566
17021,17,021,SO2,432973.4991405548
17023,17,023,NH3,1.3834270000000002
17023,17,023,NOX,200.19255352600027
17023,17,023,SO2,137.63425289100016
17025,17,025,NH3,2.1366490000000002
17025,17,025,NOX,245.33645125299986
17025,17,025,SO2,69.39058157899994
17027,17,027,NH3,4.444569
17027,17,027,NOX,30599.10282858104
17027,17,027,SO2,7630.119743481499
17029,17,029,NH3,30.665171030000003
17029,17,029,NOX,3152.900962848229
17029,17,029,SO2,1119.0980319370472
17031,17,031,NH3,4940.922961929095
17031,17,031,NOX,423022.72803508595
17031,17,031,SO2,436455.71492860065
17033,17,033,NH3,5543.245308000003
17033,17,033,NOX,72009.43974845302
17033,17,033,SO2,239418.7488096651
17035,17,035,NH3,0.09260499999999999
17035,17,035,NOX,27.89444781
17035,17,035,SO2,15.011821214999996
17037,17,037,NH3,18.260609999999982
17037,17,037,NOX,2939.436347049823
17037,17,037,SO2,589.8664946726846
17039,17,039,NH3,3.927694214999998
17039,17,039,NOX,2176.2845716940024
17039,17,039,SO2,277.15629131049985
17041,17,041,NH3,78.96247165800001
17041,17,041,NOX,77150.70611735996
17041,17,041,SO2,131785.340615761
17043,17,043,NH3,152.55179668713038
17043,17,043,NOX,22703.94122302052
17043,17,043,SO2,3941.4754149938667
17045,17,045,NH3,4.377393838000001
17045,17,045,NOX,2702.095094598003
17045,17,045,SO2,1966.9294923330035
17047,17,047,NH3,0.96505
17047,17,047,NOX,38.559328459
17047,17,047,SO2,0.594108299
17049,17,049,NH3,5.510552999999998
17049,17,049,NOX,1018.5927652060002
17049,17,049,SO2,47.340989504999975
17051,17,051,NH3,29.970991999999995
17051,17,051,NOX,3813.694362595
17051,17,051,SO2,2779.383314508001
17053,17,053,NH3,72.02363200000003
17053,17,053,NOX,2079.032521676999
17053,17,053,SO2,120.47900229200008
17055,17,055,NH3,1.182021
17055,17,055,NOX,255.59884852000008
17055,17,055,SO2,293.00466839800026
17057,17,057,NH3,11.625396999999996
17057,17,057,NOX,72880.33486779204
17057,17,057,SO2,111005.74823211436
17059,17,059,NH3,8.5115
17059,17,059,NOX,7.631270999999999
17059,17,059,SO2,7.505789000000001
17061,17,061,NH3,0.022766722
17061,17,061,NOX,72.66948343300001
17061,17,061,SO2,1.0683386890000004
17063,17,063,NH3,26430.137545999954
17063,17,063,NOX,52486.58056182701
17063,17,063,SO2,18523.008921842007
17065,17,065,NH3,0.19743
17065,17,065,NOX,43.67486503300003
17065,17,065,SO2,4.6456175459999995
17067,17,067,NH3,30.778479
17067,17,067,NOX,491.45054369299896
17067,17,067,SO2,37.866530207000096
17069,17,069,NH3,3.5615720000000013
17069,17,069,NOX,266.226514
17069,17,069,SO2,247.8639279999998
17071,17,071,NOX,34.01164076499999
17071,17,071,SO2,3.7707794310000016
17073,17,073,NH3,82.55861599999992
17073,17,073,NOX,45086.34638092103
17073,17,073,SO2,350.91096165250036
17075,17,075,NH3,11.58167132
17075,17,075,NOX,606.3039192589996
17075,17,075,SO2,104.80776303400006
17077,17,077,NH3,45.87031602602
17077,17,077,NOX,22266.566313213916
17077,17,077,SO2,130518.00955086676
17079,17,079,NH3,19.562229
17079,17,079,NOX,97704.86383632905
17079,17,079,SO2,315649.297706768
17081,17,081,NH3,25.735407644000006
17081,17,081,NOX,2555.404944379802
17081,17,081,SO2,3727.0691659054223
17083,17,083,NOX,0.23636085999999998
17083,17,083,SO2,0.045566519500000006
17085,17,085,NH3,14717.752002000007
17085,17,085,NOX,11839.862968711011
17085,17,085,SO2,96.02342047220009
17087,17,087,NH3,1.9697850000000006
17087,17,087,NOX,578.0906248129995
17087,17,087,SO2,5220.621257704998
17089,17,089,NH3,97.48441117872991
17089,17,089,NOX,14014.97877666918
17089,17,089,SO2,3131.9304221497973
17091,17,091,NH3,157.65507822000015
17091,17,091,NOX,25782.94166582654
17091,17,091,SO2,1564.4720293949656
17093,17,093,NH3,764.9852
17093,17,093,NOX,19587.76831928497
17093,17,093,SO2,1750.9568496310028
17095,17,095,NH3,46.64967070000001
17095,17,095,NOX,7171.000308741996
17095,17,095,SO2,309.51878562499974
17097,17,097,NH3,132.94870196294036
17097,17,097,NOX,94344.94569349452
17097,17,097,SO2,172078.74217439702
17099,17,099,NH3,220.35283090799987
17099,17,099,NOX,78895.62691259517
17099,17,099,SO2,38690.583273311015
17101,17,101,NH3,11280.362646999993
17101,17,101,NOX,7526.169613379884
17101,17,101,SO2,34517.24117967754
17103,17,103,NH3,881.3695853200002
17103,17,103,NOX,13592.485277052008
17103,17,103,SO2,23597.552670581583
17105,17,105,NH3,55.12516431999998
17105,17,105,NOX,9836.83283603303
17105,17,105,SO2,964.596577189499
17107,17,107,NH3,15.866348
17107,17,107,NOX,8764.56445340699
17107,17,107,SO2,15653.232805630005
17109,17,109,NH3,9.672881999999996
17109,17,109,NOX,3497.5846363642227
17109,17,109,SO2,15147.346925691814
17111,17,111,NH3,100.72898326999994
17111,17,111,NOX,8365.466661166985
17111,17,111,SO2,898.433041485999
17113,17,113,NH3,39.09359009860003
17113,17,113,NOX,11705.552825040993
17113,17,113,SO2,436.7157765096996
17115,17,115,NH3,2168.200098246432
17115,17,115,NOX,118391.34187338006
17115,17,115,SO2,294363.719629319
17117,17,117,NH3,2.4837260000000003
17117,17,117,NOX,193.27144740600014
17117,17,117,SO2,79.0174062180001
17119,17,119,NH3,8263.228201829254
17119,17,119,NOX,260070.78006781996
17119,17,119,SO2,622230.9827824835
17121,17,121,NH3,32.164284396400014
17121,17,121,NOX,2487.6479973410046
17121,17,121,SO2,189.2391468955001
17123,17,123,NH3,219.5537669999999
17123,17,123,NOX,3373.6328456639994
17123,17,123,SO2,21498.433378036003
17125,17,125,NH3,163.64862899999997
17125,17,125,NOX,50827.30460356301
17125,17,125,SO2,118794.3557592469
17127,17,127,NH3,459.024393
17127,17,127,NOX,175044.47650182
17127,17,127,SO2,542105.7056374951
17129,17,129,NOX,4.761252676
17129,17,129,SO2,0.030278947
17131,17,131,NH3,0.192781
17131,17,131,NOX,36.543914792999985
17131,17,131,SO2,2.796682299000001
17133,17,133,NH3,1.605062
17133,17,133,NOX,279.77459096299987
17133,17,133,SO2,10.62757367599998
17135,17,135,NH3,23.312364063999993
17135,17,135,NOX,227174.2258146219
17135,17,135,SO2,477955.5916946384
17137,17,137,NH3,43.18446500000003
17137,17,137,NOX,43714.020570195054
17137,17,137,SO2,220515.44627923836
17139,17,139,NH3,1.9651159999999999
17139,17,139,NOX,1011.7183255049991
17139,17,139,SO2,481.53065611899945
17141,17,141,NH3,94.51722683
17141,17,141,NOX,8325.478938353997
17141,17,141,SO2,3629.6601084715003
17143,17,143,NH3,747.9678824189999
17143,17,143,NOX,180718.9222739727
17143,17,143,SO2,676306.70633426
17145,17,145,NH3,1.8695499999999994
17145,17,145,NOX,936.7486783720008
17145,17,145,SO2,71.59489302200004
17147,17,147,NH3,30.607052
17147,17,147,NOX,42299.75092646997
17147,17,147,SO2,97.38816036500008
17149,17,149,NH3,4.599594999999999
17149,17,149,NOX,16663.795500754994
17149,17,149,SO2,41350.18983440194
17153,17,153,NH3,0.7933710000000002
17153,17,153,NOX,897.3340396260003
17153,17,153,SO2,3842.4110364100025
17155,17,155,NH3,92.230027
17155,17,155,NOX,51158.956854521966
17155,17,155,SO2,294646.8970610369
17157,17,157,NH3,446.28639417000016
17157,17,157,NOX,431226.6785582993
17157,17,157,SO2,1506130.541418686
17159,17,159,NH3,0.9139669999999995
17159,17,159,NOX,158.4410786629998
17159,17,159,SO2,8.019545813
17161,17,161,NH3,213.01771329600004
17161,17,161,NOX,17137.371633625524
17161,17,161,SO2,35588.40809890475
17163,17,163,NH3,299.7265519554996
17163,17,163,NOX,16171.256098818816
17163,17,163,SO2,39800.908381245776
17165,17,165,NH3,0.5136400000000002
17165,17,165,NOX,127.36919043599998
17165,17,165,SO2,337.7459239320001
17167,17,167,NH3,77.70343975696007
17167,17,167,NOX,115935.22032384916
17167,17,167,SO2,305644.3485120859
17169,17,169,NH3,1.4316619999999998
17169,17,169,NOX,136.74306184
17169,17,169,SO2,0.7442052510000002
17171,17,171,NH3,0.8721968849
17171,17,171,NOX,466.7304542499999
17171,17,171,SO2,156.13774703910005
17173,17,173,NH3,26.96573428
17173,17,173,NOX,1443.692203579
17173,17,173,SO2,36.35373182749999
17175,17,175,NOX,20.495393289000013
17175,17,175,SO2,15.189608007999988
17177,17,177,NH3,74.96159299999998
17177,17,177,NOX,2310.262932547996
17177,17,177,SO2,113.88295421649988
17179,17,179,NH3,1187.7392800411997
17179,17,179,NOX,413786.6225456599
17179,17,179,SO2,525046.6996663352
17181,17,181,NH3,0.035519999999999996
17181,17,181,NOX,1104.9424725950007
17181,17,181,SO2,15761.099826826005
17183,17,183,NH3,1341.1304783899993
17183,17,183,NOX,37687.229356287025
17183,17,183,SO2,121732.29772836783
17185,17,185,NH3,0.26192
17185,17,185,NOX,730.0170007849998
17185,17,185,SO2,1298.9207604675
17187,17,187,NH3,41.19963900000001
17187,17,187,NOX,1082.2337838349997
17187,17,187,SO2,2647.1927476604997
17189,17,189,NH3,4.019865749999999
17189,17,189,NOX,30009.417775832997
17189,17,189,SO2,70770.21537720002
17191,17,191,NH3,3.3274650000000014
17191,17,191,NOX,10111.17518153599
17191,17,191,SO2,1041.8560821624992
17193,17,193,NH3,1.493775
17193,17,193,NOX,4910.516231504
17193,17,193,SO2,51.73668850900005
17195,17,195,NH3,33.43823275000003
17195,17,195,NOX,7710.515552495469
17195,17,195,SO2,2941.27855197343
17197,17,197,NH3,10778.674726647987
17197,17,197,NOX,375749.61531484476
17197,17,197,SO2,1008574.1773622604
17199,17,199,NH3,23.181498962909973
17199,17,199,NOX,92551.50575674207
17199,17,199,SO2,175794.96755772192
17201,17,201,NH3,150.82836839199993
17201,17,201,NOX,12190.992650469036
17201,17,201,SO2,3734.9542813773023
17203,17,203,NH3,2.8272910000000007
17203,17,203,NOX,216.5914077809999
17203,17,203,SO2,31.125310778499983
18001,18,001,NH3,31.50367758
18001,18,001,NOX,3961.2700896540014
18001,18,001,SO2,8478.189744042993
18003,18,003,NH3,78.12096196099992
18003,18,003,NOX,34443.33652970356
18003,18,003,SO2,3403.021985944479
18005,18,005,NH3,25.754374539999993
18005,18,005,NOX,6634.724743288205
18005,18,005,SO2,1258.713868377797
18007,18,007,NOX,5626.960788058001
18007,18,007,SO2,49.25586815400007
18009,18,009,NH3,7.883362399999998
18009,18,009,NOX,388.522605177
18009,18,009,SO2,125.62229148900003
18011,18,011,NOX,24.433777395479996
18011,18,011,SO2,6.270534244640803
18013,18,013,NOX,0.1673413420000001
18013,18,013,SO2,0.034949731500000004
18015,18,015,NH3,1.6981887999999998
18015,18,015,NOX,84.33981741470004
18015,18,015,SO2,18.040793720999996
18017,18,017,NH3,125.75588106
18017,18,017,NOX,34960.6483040575
18017,18,017,SO2,56034.307808394326
18019,18,019,NH3,297.148892
18019,18,019,NOX,20823.82266265289
18019,18,019,SO2,31353.712837494735
18021,18,021,NOX,126.76312820599996
18021,18,021,SO2,361.3130463497999
18023,18,023,NH3,26.614054673999995
18023,18,023,NOX,3063.064308882001
18023,18,023,SO2,5854.194117016996
18025,18,025,NOX,0.023291791999999995
18025,18,025,SO2,0.003583357
18027,18,027,NH3,1031.796728
18027,18,027,NOX,1424.1616297629996
18027,18,027,SO2,223.76686672400007
18029,18,029,NH3,453.35114290999985
18029,18,029,NOX,314551.73318629304
18029,18,029,SO2,691187.7469298304
18031,18,031,NH3,7.758168399999999
18031,18,031,NOX,601.6178057189998
18031,18,031,SO2,60.35769420530003
18033,18,033,NH3,56.040209089999976
18033,18,033,NOX,11387.907267540648
18033,18,033,SO2,4019.8367420305367
18035,18,035,NH3,12.272189480700002
18035,18,035,NOX,3744.7959632487
18035,18,035,SO2,17454.92248746476
18037,18,037,NH3,917.6681458317801
18037,18,037,NOX,23139.935707844757
18037,18,037,SO2,9654.830924490732
18039,18,039,NH3,51.30232657999997
18039,18,039,NOX,6465.441881802184
18039,18,039,SO2,2442.847508701395
18041,18,041,NH3,7.982907999999999
18041,18,041,NOX,371.45882791999975
18041,18,041,SO2,193.05662538399994
18043,18,043,NH3,16.400644419600003
18043,18,043,NOX,75408.37697519302
18043,18,043,SO2,511787.2637909004
18045,18,045,NH3,5.1513886
18045,18,045,NOX,358.47938973300006
18045,18,045,SO2,167.17153718800006
18047,18,047,NH3,0.21512
18047,18,047,NOX,50.76447477560002
18047,18,047,SO2,4.746310639069999
18049,18,049,NH3,0.6112
18049,18,049,NOX,272.39796417899987
18049,18,049,SO2,99.89603002550001
18051,18,051,NH3,1279.5077661085988
18051,18,051,NOX,562374.6280572292
18051,18,051,SO2,1699708.8155382948
18053,18,053,NH3,10.443715994337326
18053,18,053,NOX,7898.874737745382
18053,18,053,SO2,9432.87918419595
18055,18,055,NH3,17.260773509999996
18055,18,055,NOX,1275.5726639889995
18055,18,055,SO2,4492.309248837001
18057,18,057,NH3,155.1789934723
18057,18,057,NOX,13064.625279426
18057,18,057,SO2,48731.35568545754
18059,18,059,NH3,34.287685
18059,18,059,NOX,1065.387133934999
18059,18,059,SO2,389.978615485
18061,18,061,NH3,1.3902645600000003
18061,18,061,NOX,171.78914641100016
18061,18,061,SO2,87.24667315250004
18063,18,063,NH3,22.90678978
18063,18,063,NOX,5833.1358837259895
18063,18,063,SO2,5787.167637886521
18065,18,065,NH3,28.372657439999998
18065,18,065,NOX,3592.971333058998
18065,18,065,SO2,1858.5699608005
18067,18,067,NH3,42.600856149999984
18067,18,067,NOX,5536.8133207415085
18067,18,067,SO2,6680.420850206349
18069,18,069,NH3,1.0980150399999997
18069,18,069,NOX,1180.8725167139996
18069,18,069,SO2,3530.9330435125025
18071,18,071,NH3,58.47791895000001
18071,18,071,NOX,5050.573061973003
18071,18,071,SO2,1012.5193785639995
18073,18,073,NH3,240.24417746379987
18073,18,073,NOX,277564.9035565408
18073,18,073,SO2,413737.4248989063
18075,18,075,NH3,22.66763416
18075,18,075,NOX,16692.114672403
18075,18,075,SO2,4228.917119421999
18077,18,077,NH3,28.5847256025
18077,18,077,NOX,515006.23229009565
18077,18,077,SO2,1052068.065466087
18079,18,079,NH3,340.0320176000001
18079,18,079,NOX,10637.285566898005
18079,18,079,SO2,18676.180076216548
18081,18,081,NH3,3.8951710000000004
18081,18,081,NOX,547.5429975449995
18081,18,081,SO2,901.7174940099985
18083,18,083,NH3,873.8812212249
18083,18,083,NOX,28763.489787002985
18083,18,083,SO2,87736.09077173722
18085,18,085,NH3,39.188848160000006
18085,18,085,NOX,1586.1635999918005
18085,18,085,SO2,313.8577407843062
18087,18,087,NH3,1.52954214
18087,18,087,NOX,2909.6818853330037
18087,18,087,SO2,151.75260031099978
18089,18,089,NH3,22204.936820838004
18089,18,089,NOX,492087.882918171
18089,18,089,SO2,597939.9937839875
18091,18,091,NH3,190.90790067580002
18091,18,091,NOX,121514.32982237902
18091,18,091,SO2,231673.72935541996
18093,18,093,NH3,31.644673299999983
18093,18,093,NOX,43102.27972937502
18093,18,093,SO2,46871.444157918966
18095,18,095,NH3,21.208000029999994
18095,18,095,NOX,9729.479996815431
18095,18,095,SO2,11663.39561844865
18097,18,097,NH3,4311.920728659899
18097,18,097,NOX,186609.9190971303
18097,18,097,SO2,592456.093356494
18099,18,099,NH3,3.35313117
18099,18,099,NOX,658.4620956859995
18099,18,099,SO2,722.3990984749995
18101,18,101,NH3,21.418910399999994
18101,18,101,NOX,3204.3703522000005
18101,18,101,SO2,15697.454476109999
18103,18,103,NH3,0.060247999999999996
18103,18,103,NOX,1616.1249769146984
18103,18,103,SO2,3273.0363206787065
18105,18,105,NH3,8.08714616
18105,18,105,NOX,9344.523891150302
18105,18,105,SO2,29824.44924930193
18107,18,107,NH3,63.06956670000001
18107,18,107,NOX,8825.429299059997
18107,18,107,SO2,11080.7457382825
18109,18,109,NH3,5.593580812800002
18109,18,109,NOX,42258.24407224109
18109,18,109,SO2,191958.1864899048
18111,18,111,NH3,0.1285
18111,18,111,NOX,233.62645181499994
18111,18,111,SO2,182.62151979049997
18113,18,113,NH3,2.9909534599999996
18113,18,113,NOX,460.2991075019986
18113,18,113,SO2,427.4082210479996
18115,18,115,NOX,0.011843850000000001
18115,18,115,SO2,0.001822129
18117,18,117,NH3,0.3891335
18117,18,117,NOX,6652.727850332003
18117,18,117,SO2,39.90120462389998
18119,18,119,NOX,0.44424731399999967
18119,18,119,SO2,0.8452688180000001
18121,18,121,NH3,0.512554
18121,18,121,NOX,29094.982796439006
18121,18,121,SO2,152.06431908500002
18123,18,123,NH3,6.849952
18123,18,123,NOX,1507.8929605059998
18123,18,123,SO2,1768.6802637281996
18125,18,125,NH3,114.25303495720003
18125,18,125,NOX,349863.10895088996
18125,18,125,SO2,957791.0893639198
18127,18,127,NH3,6174.2355126495
18127,18,127,NOX,374342.13709550194
18127,18,127,SO2,373798.4982200857
18129,18,129,NH3,905.3668690534998
18129,18,129,NOX,127505.988592778
18129,18,129,SO2,274031.72857574135
18131,18,131,NH3,0.324416
18131,18,131,NOX,194.13696692799982
18131,18,131,SO2,79.94035984500006
18133,18,133,NH3,4.8455392
18133,18,133,NOX,40536.30398380008
18133,18,133,SO2,27072.433982667575
18135,18,135,NH3,15.320757999999998
18135,18,135,NOX,11629.960757913996
18135,18,135,SO2,6123.2681576615
18137,18,137,NH3,0.9190271999999996
18137,18,137,NOX,216.00797141799995
18137,18,137,SO2,59.291557608000026
18139,18,139,NH3,1.2032
18139,18,139,NOX,252.49914824699988
18139,18,139,SO2,42.27316741500002
18141,18,141,NH3,580.56732791700006
18141,18,141,NOX,49550.88236344996
18141,18,141,SO2,60540.36476488709
18143,18,143,NH3,2.0126518
18143,18,143,NOX,178.43889681999988
18143,18,143,SO2,955.4833842079997
18145,18,145,NH3,1518.4067876
18145,18,145,NOX,24308.813273223994
18145,18,145,SO2,559.3744175019986
18147,18,147,NH3,137.04949019000003
18147,18,147,NOX,459810.05722355505
18147,18,147,SO2,936655.2053379165
18149,18,149,NH3,3.505666
18149,18,149,NOX,17405.523456189974
18149,18,149,SO2,38.82071379200005
18151,18,151,NH3,0.342144
18151,18,151,NOX,113.09004255900015
18151,18,151,SO2,25.29947331200011
18153,18,153,NH3,41.31464911899999
18153,18,153,NOX,170118.3955675583
18153,18,153,SO2,318758.0823506354
18155,18,155,NOX,0.355729738
18155,18,155,SO2,0.07099591250000001
18157,18,157,NH3,201.34395815999997
18157,18,157,NOX,43110.74398285156
18157,18,157,SO2,131074.48222673393
18159,18,159,NH3,0.473584
18159,18,159,NOX,32.07003064499997
18159,18,159,SO2,6.308837231500004
18161,18,161,NOX,0.026102725
18161,18,161,SO2,0.0040158024999999995
18163,18,163,NH3,41.49797135399999
18163,18,163,NOX,5918.034007328296
18163,18,163,SO2,9714.813975882407
18165,18,165,NH3,90.08566271099998
18165,18,165,NOX,196810.83367605816
18165,18,165,SO2,837545.8501664514
18167,18,167,NH3,16931.30122509583
18167,18,167,NOX,134700.35840099523
18167,18,167,SO2,811577.9508516637
18169,18,169,NH3,211.31433995000003
18169,18,169,NOX,6523.066126035801
18169,18,169,SO2,35701.41233283311
18171,18,171,NH3,0.03
18171,18,171,NOX,605.7990865209999
18171,18,171,SO2,6606.1196638993
18173,18,173,NH3,116.7770128816
18173,18,173,NOX,354502.54991114425
18173,18,173,SO2,1209342.2318798327
18175,18,175,NH3,0.25225666999999996
18175,18,175,NOX,343.7080406533998
18175,18,175,SO2,107.24848137763013
18177,18,177,NH3,356.13151635139997
18177,18,177,NOX,17647.418595900734
18177,18,177,SO2,149528.23016798848
18179,18,179,NH3,37.01512658
18179,18,179,NOX,1681.831956556
18179,18,179,SO2,212.1724105575001
18181,18,181,NH3,6.329879999999999
18181,18,181,NOX,1289.0811345730006
18181,18,181,SO2,1014.9972963030002
18183,18,183,NH3,5.995443799999999
18183,18,183,NOX,3088.187612934003
18183,18,183,SO2,1696.2340998120528
19111,19,111,NH3,280.5223411500001
19111,19,111,NOX,3550.7549111870003
19111,19,111,SO2,7184.587637996829
19139,19,139,NH3,0.8550000000000001
19163,19,163,NH3,95.99095963265002
19163,19,163,NOX,25515.371900166
19163,19,163,SO2,52303.53164344743
21001,21,001,NH3,0.53654
21001,21,001,NOX,115.02514272277503
21001,21,001,SO2,157.89747337460332
21003,21,003,NOX,105.16710359900013
21003,21,003,SO2,2.4000315392000027
21005,21,005,NOX,1452.4979713992996
21005,21,005,SO2,738.3016100675992
21007,21,007,NH3,552.5822459999997
21007,21,007,NOX,11230.585622898901
21007,21,007,SO2,12188.1734480822
21009,21,009,NH3,0.524834
21009,21,009,NOX,1661.7167224256937
21009,21,009,SO2,81.20950246427167
21011,21,011,NOX,2491.2094737402
21011,21,011,SO2,19.3099480865
21013,21,013,NH3,0.1351
21013,21,013,NOX,4051.2402286549973
21013,21,013,SO2,6655.544098567808
21015,21,015,NH3,315.97477072000004
21015,21,015,NOX,113543.52355069085
21015,21,015,SO2,146040.22014300653
21017,21,017,NH3,0.107
21017,21,017,NOX,659.4580375840993
21017,21,017,SO2,155.22602229900016
21019,21,019,NH3,6233.027722999999
21019,21,019,NOX,91909.57776532555
21019,21,019,SO2,111355.2521229573
21021,21,021,NH3,0.27916555000000004
21021,21,021,NOX,4011.795489924999
21021,21,021,SO2,1835.201905187498
21023,21,023,NOX,54.15084004959999
21023,21,023,SO2,34.11040999919997
21025,21,025,NOX,187.64203291400005
21025,21,025,SO2,11.933814663699989
21027,21,027,NOX,8818.742047997706
21027,21,027,SO2,105.04758801250003
21029,21,029,NOX,4245.024653104194
21029,21,029,SO2,7791.889426148899
21031,21,031,NH3,237.9647
21031,21,031,NOX,544.9303166863999
21031,21,031,SO2,3.575901542500005
21033,21,033,NH3,708.6359610000001
21033,21,033,NOX,419.08027181759195
21033,21,033,SO2,23.294177898788973
21035,21,035,NOX,683.7304318149801
21035,21,035,SO2,92.38307581180592
21037,21,037,NH3,1.646
21037,21,037,NOX,2219.558189618488
21037,21,037,SO2,563.8609219253021
21039,21,039,NOX,0.023765624000000006
21039,21,039,SO2,0.0036562519999999987
21041,21,041,NH3,625.25913728
21041,21,041,NOX,344279.4656807186
21041,21,041,SO2,679713.4995311176
21043,21,043,NOX,402.9835594180995
21043,21,043,SO2,90.80834427150005
21045,21,045,NOX,21105.345336575887
21045,21,045,SO2,32.57416635620002
21047,21,047,NH3,153.47691499999996
21047,21,047,NOX,2291.5017314166053
21047,21,047,SO2,4127.598416973888
21049,21,049,NH3,56.69273279
21049,21,049,NOX,37234.99962844727
21049,21,049,SO2,92379.4205901585
21051,21,051,NOX,754.5220544099001
21051,21,051,SO2,5.516394226499995
21053,21,053,NH3,64.33
21053,21,053,NOX,444.38837996749993
21053,21,053,SO2,134.48471874989988
21055,21,055,NOX,110.00369571061614
21055,21,055,SO2,128.0538855764109
21057,21,057,NOX,0.29273033299999995
21057,21,057,SO2,0.02757414999999999
21059,21,059,NH3,150.65781504000003
21059,21,059,NOX,156083.64569279374
21059,21,059,SO2,158864.44439626098
21063,21,063,NOX,640.0269519999999
21063,21,063,SO2,41.8750341
21065,21,065,NOX,25.035582232400007
21065,21,065,SO2,39.611540628799986
21067,21,067,NH3,233.09727429999998
21067,21,067,NOX,11123.622813262144
21067,21,067,SO2,8353.864020628127
21069,21,069,NOX,118.72765092070001
21069,21,069,SO2,123.98278202990001
21071,21,071,NOX,8779.753164306085
21071,21,071,SO2,26.0567189477
21073,21,073,NOX,1945.3628882780324
21073,21,073,SO2,1400.4614945986084
21075,21,075,NH3,0.14161825999999997
21075,21,075,NOX,757.7570410636241
21075,21,075,SO2,625.7514797489509
21077,21,077,NOX,12164.03893568143
21077,21,077,SO2,1832.4624829560096
21079,21,079,NOX,151.40882336200008
21079,21,079,SO2,167.3001167957
21081,21,081,NOX,241.96320004070012
21081,21,081,SO2,122.2949663455
21083,21,083,NH3,20.15366782
21083,21,083,NOX,1793.070255622985
21083,21,083,SO2,265.8334921460612
21085,21,085,NOX,1251.2559271695525
21085,21,085,SO2,138.54363426049144
21087,21,087,NOX,446.99680051249976
21087,21,087,SO2,104.46366131259998
21089,21,089,NH3,160.798618446
21089,21,089,NOX,21122.770611989203
21089,21,089,SO2,21553.906731667892
21091,21,091,NH3,926.8495610599999
21091,21,091,NOX,135457.40982510944
21091,21,091,SO2,563831.3211200163
21093,21,093,NH3,76.30108
21093,21,093,NOX,2584.987837992667
21093,21,093,SO2,238.05521584001164
21095,21,095,NH3,0.128043676
21095,21,095,NOX,1106.9928179247004
21095,21,095,SO2,611.819542483601
21097,21,097,NH3,2.004067
21097,21,097,NOX,647.6422083352832
21097,21,097,SO2,34.97539872260748
21099,21,099,NH3,5.14e-6
21099,21,099,NOX,528.6434634339003
21099,21,099,SO2,84.7342281136
21101,21,101,NH3,87.26813440000001
21101,21,101,NOX,41838.55563904391
21101,21,101,SO2,146256.975288284
21103,21,103,NOX,151.23493598639985
21103,21,103,SO2,56.96229405430002
21105,21,105,NOX,2.7275850018000014
21105,21,105,SO2,0.011789999999999997
21107,21,107,NH3,6.8477999999999994
21107,21,107,NOX,14287.875185926221
21107,21,107,SO2,691.3183212065497
21109,21,109,NOX,0.823025014
21109,21,109,SO2,10.764564085400004
21111,21,111,NH3,2657.081393718319
21111,21,111,NOX,496430.81068055506
21111,21,111,SO2,935914.0317776827
21113,21,113,NH3,0.9972500000000001
21113,21,113,NOX,197.66330046590025
21113,21,113,SO2,5.834951724200002
21115,21,115,NH3,0.045375
21115,21,115,NOX,69.68330905827787
21115,21,115,SO2,33.92243906153308
21117,21,117,NH3,7.658620330000001
21117,21,117,NOX,1729.6489971574995
21117,21,117,SO2,136.20299936730004
21119,21,119,NOX,2099.6137462928996
21119,21,119,SO2,1.2351067807000002
21121,21,121,NH3,392.50779562
21121,21,121,NOX,909.2484169992997
21121,21,121,SO2,26.857326349700013
21123,21,123,NOX,1601.6470591338018
21123,21,123,SO2,673.9674323515998
21125,21,125,NH3,240.397437
21125,21,125,NOX,1865.875714705289
21125,21,125,SO2,503.94904807726437
21127,21,127,NH3,222.73293347
21127,21,127,NOX,230911.9571066066
21127,21,127,SO2,701230.458434171
21129,21,129,NOX,10.006914980500001
21129,21,129,SO2,3.8290740312000002
21131,21,131,NOX,913.0603498486006
21131,21,131,SO2,0.27186040049999993
21133,21,133,NOX,1205.4715721727355
21133,21,133,SO2,26.45570211014761
21135,21,135,NOX,55.024789526199996
21135,21,135,SO2,0.2944779697
21137,21,137,NH3,13.190765
21137,21,137,NOX,12936.38107896334
21137,21,137,SO2,90.6663231969443
21139,21,139,NOX,134.1689842807
21139,21,139,SO2,13.900940178800004
21141,21,141,NH3,16.862000000000002
21141,21,141,NOX,4942.686141216195
21141,21,141,SO2,327.92894034580024
21143,21,143,NOX,214.79372163900007
21143,21,143,SO2,65.52194599690004
21145,21,145,NH3,446.3299262
21145,21,145,NOX,353950.4217343486
21145,21,145,SO2,611051.3869137255
21147,21,147,NOX,36.29932975799999
21147,21,147,SO2,1.4468665311999998
21149,21,149,NH3,0.37878
21149,21,149,NOX,68.13678964839026
21149,21,149,SO2,11.174462547338484
21151,21,151,NH3,6.916102000000003
21151,21,151,NOX,12836.1670514911
21151,21,151,SO2,4834.865293662938
21153,21,153,NOX,8.70873745
21153,21,153,SO2,0.03199918
21155,21,155,NOX,1242.5282051339004
21155,21,155,SO2,53.65330936030001
21157,21,157,NH3,774.8624820000001
21157,21,157,NOX,36291.000651448536
21157,21,157,SO2,39518.24208173287
21159,21,159,NOX,3781.3402981287995
21159,21,159,SO2,4173.160398156207
21161,21,161,NH3,334.4337056999999
21161,21,161,NOX,177488.14706104845
21161,21,161,SO2,438656.7910127909
21163,21,163,NH3,5.551505
21163,21,163,NOX,6659.3132160961995
21163,21,163,SO2,1422.0705451620997
21165,21,165,NOX,23.64749027
21165,21,165,SO2,11.227043170000002
21167,21,167,NH3,235.43010710000004
21167,21,167,NOX,112670.18092743412
21167,21,167,SO2,471125.0423727604
21169,21,169,NOX,2434.6965162097
21169,21,169,SO2,229.6824203302001
21171,21,171,NOX,110.62899065590001
21171,21,171,SO2,13.845780433200005
21173,21,173,NOX,594.7484506409999
21173,21,173,SO2,61.97856493899996
21175,21,175,NOX,158.34616935199986
21175,21,175,SO2,243.468676069
21177,21,177,NH3,851.1364682599999
21177,21,177,NOX,977210.9192063608
21177,21,177,SO2,1766123.9982771254
21179,21,179,NH3,2.709728
21179,21,179,NOX,2792.5474352732413
21179,21,179,SO2,5226.187812214317
21181,21,181,NOX,36.561409375899984
21181,21,181,SO2,0.23134844969999996
21183,21,183,NH3,1515.68820187
21183,21,183,NOX,93983.50421810818
21183,21,183,SO2,163887.69866836153
21185,21,185,NOX,672.0672044148743
21185,21,185,SO2,111.97657872262982
21187,21,187,NOX,90.8247310126
21187,21,187,SO2,0.7548275438999998
21191,21,191,NH3,17.269
21191,21,191,NOX,28118.43572961223
21191,21,191,SO2,13643.338719639496
21193,21,193,NOX,4081.7705107714673
21193,21,193,SO2,201.10192995327216
21195,21,195,NH3,3.630776e-5
21195,21,195,NOX,9575.979573069973
21195,21,195,SO2,68.65966652070583
21197,21,197,NOX,23726.495770705904
21197,21,197,SO2,492.5627958958001
21199,21,199,NH3,62.365324437999995
21199,21,199,NOX,59000.377800641894
21199,21,199,SO2,237628.3717201248
21203,21,203,NOX,36.06561315614692
21203,21,203,SO2,16.670797298698236
21205,21,205,NOX,894.8865037719879
21205,21,205,SO2,1197.8731716284076
21207,21,207,NOX,1160.6578621462993
21207,21,207,SO2,1130.8685620141996
21209,21,209,NH3,1.4036100800000004
21209,21,209,NOX,2414.467863365731
21209,21,209,SO2,66.34375079256158
21211,21,211,NH3,0.06504001
21211,21,211,NOX,1420.6297735198991
21211,21,211,SO2,13.570919305199979
21213,21,213,NH3,0.041562
21213,21,213,NOX,977.0007290438001
21213,21,213,SO2,31.310320318600017
21215,21,215,NOX,0.048385827999999985
21215,21,215,SO2,0.007443970999999998
21217,21,217,NOX,16830.14244754444
21217,21,217,SO2,404.2424851234792
21219,21,219,NOX,307.41513458385316
21219,21,219,SO2,60.59450649675954
21221,21,221,NOX,356.33624256749994
21221,21,221,SO2,29.197395011499992
21223,21,223,NH3,252.11320831999998
21223,21,223,NOX,85878.26083118473
21223,21,223,SO2,119391.6431856739
21225,21,225,NOX,69.58828299879998
21225,21,225,SO2,2.4033743998999997
21227,21,227,NH3,33.381572
21227,21,227,NOX,3049.4491990707106
21227,21,227,SO2,869.7189297646561
21229,21,229,NOX,190.1725255662881
21229,21,229,SO2,51.72157254752515
21231,21,231,NOX,525.841980335138
21231,21,231,SO2,117.75750045591687
21233,21,233,NH3,464.58855822
21233,21,233,NOX,161170.01316539457
21233,21,233,SO2,211983.90781715736
21235,21,235,NH3,0.3862619459999999
21235,21,235,NOX,1860.8523465403412
21235,21,235,SO2,149.06148064307033
21239,21,239,NH3,9.084903399999998
21239,21,239,NOX,18870.09486455031
21239,21,239,SO2,23863.5072848455
24001,24,001,NH3,115.16299999999998
24001,24,001,NOX,47983.23782057
24001,24,001,SO2,240094.69312393895
24043,24,043,NOX,6.59
24043,24,043,SO2,0.43
26059,26,059,NOX,0.4
26059,26,059,SO2,2.39
26063,26,063,NOX,1.38
26063,26,063,SO2,0.01
26099,26,099,NOX,255.40999999999997
26099,26,099,SO2,33.25
26115,26,115,NOX,22.88
26115,26,115,SO2,6.34
26125,26,125,NOX,33.86
26125,26,125,SO2,0.3
26147,26,147,NOX,20.14
26147,26,147,SO2,0.32
26157,26,157,NOX,0.7
26163,26,163,NOX,357.88
26163,26,163,SO2,9.26
28033,28,033,NOX,11.6
29031,29,031,NOX,121.12
29031,29,031,SO2,364.38
29111,29,111,NOX,40
29111,29,111,SO2,13.301000000000002
29127,29,127,NH3,6.412
29127,29,127,NOX,8.424000000000003
29127,29,127,SO2,1.07
29133,29,133,NOX,2.316
29133,29,133,SO2,13.281999999999998
29143,29,143,NH3,253.54187239999996
29143,29,143,NOX,413437.91604444
29143,29,143,SO2,305361.10399000003
29186,29,186,NH3,0.26278683
29186,29,186,NOX,19926.888205000007
29186,29,186,SO2,1124.049811750001
29189,29,189,NH3,122.50862206999997
29189,29,189,NOX,69323.76642734575
29189,29,189,SO2,171063.71159999995
29510,29,510,NH3,5720.113433740003
29510,29,510,NOX,39670.09904830101
29510,29,510,SO2,106602.8625879293
34005,34,005,NH3,0.4034
34005,34,005,NOX,302.003
34005,34,005,SO2,24.203300000000002
34019,34,019,NH3,0.28
34019,34,019,NOX,559.0633
34019,34,019,SO2,862.858
34041,34,041,NH3,7.95
34041,34,041,NOX,2232.6099999999997
34041,34,041,SO2,754.76
36013,36,013,NOX,1401.48
36013,36,013,SO2,4353.75
39001,39,001,NH3,57.632100969668684
39001,39,001,NOX,715899.837729977
39001,39,001,SO2,1406522.9432964094
39003,39,003,NH3,19206.872295616406
39003,39,003,NOX,75344.23442821554
39003,39,003,SO2,29218.95892496427
39005,39,005,NH3,9.799499999999998
39005,39,005,NOX,352.4202824870799
39005,39,005,SO2,261.64806124174083
39007,39,007,NH3,70.17941653743281
39007,39,007,NOX,38717.36372768625
39007,39,007,SO2,291367.78751420183
39009,39,009,NH3,11.4223180958
39009,39,009,NOX,50979.59639104394
39009,39,009,SO2,14091.40483397323
39011,39,011,NH3,34.02842064979999
39011,39,011,NOX,3934.389947276502
39011,39,011,SO2,17418.543928979107
39013,39,013,NH3,388.24332815803075
39013,39,013,NOX,73167.00854287356
39013,39,013,SO2,467404.17276307155
39015,39,015,NH3,80.1635592
39015,39,015,NOX,209.162357817
39015,39,015,SO2,109.11359553300001
39017,39,017,NH3,4312.543743165036
39017,39,017,NOX,102581.79256381428
39017,39,017,SO2,266991.9373107055
39019,39,019,NH3,500.4092339979
39019,39,019,NOX,13068.242728864207
39019,39,019,SO2,245.2818744673999
39021,39,021,NH3,5.48753
39021,39,021,NOX,680.9516516889998
39021,39,021,SO2,668.9255326590002
39023,39,023,NH3,36.295539999999995
39023,39,023,NOX,528.7343478079804
39023,39,023,SO2,264.3000052611405
39025,39,025,NH3,1279.1303337583493
39025,39,025,NOX,478547.98087801086
39025,39,025,SO2,1314404.8176911913
39027,39,027,NOX,712.3500223660002
39027,39,027,SO2,96.49394415192002
39029,39,029,NH3,18.558511833847945
39029,39,029,NOX,3208.8619448078794
39029,39,029,SO2,371.90893386731886
39031,39,031,NH3,54.252264354806094
39031,39,031,NOX,313513.14663939096
39031,39,031,SO2,1321909.0484844309
39033,39,033,NH3,81.29732439800003
39033,39,033,NOX,1361.6219203534993
39033,39,033,SO2,217.8502831224999
39035,39,035,NH3,3621.049573549656
39035,39,035,NOX,86033.60040681978
39035,39,035,SO2,475596.4334834674
39037,39,037,NH3,46.340598588799985
39037,39,037,NOX,4664.052406954
39037,39,037,SO2,1027.065948018601
39039,39,039,NH3,2210.3170268089452
39039,39,039,NOX,26803.904258931023
39039,39,039,SO2,4026.4179329421045
39041,39,041,NH3,0.1993599832
39041,39,041,NOX,413.2664566709996
39041,39,041,SO2,119.51426383150023
39043,39,043,NH3,7.028631468600001
39043,39,043,NOX,10453.489517392405
39043,39,043,SO2,5598.672144706202
39045,39,045,NH3,18.253858999400006
39045,39,045,NOX,27921.254168459516
39045,39,045,SO2,9178.745905028989
39047,39,047,NH3,2.5041583999999997
39047,39,047,NOX,1277.9207548855015
39047,39,047,SO2,66.90350341260029
39049,39,049,NH3,227.99128506201984
39049,39,049,NOX,37828.10563530982
39049,39,049,SO2,18253.72900650092
39051,39,051,NH3,102.1219110003
39051,39,051,NOX,6888.323233240601
39051,39,051,SO2,3211.4577518921024
39053,39,053,NH3,78.83415555912356
39053,39,053,NOX,1119945.8026738623
39053,39,053,SO2,2361916.8110373598
39055,39,055,NH3,2.245167
39055,39,055,NOX,104.22812936300008
39055,39,055,SO2,122.00957300500008
39057,39,057,NH3,722.1827768987
39057,39,057,NOX,35504.15318787307
39057,39,057,SO2,20152.6457436401
39059,39,059,NH3,20.468368920099998
39059,39,059,NOX,31970.943248458552
39059,39,059,SO2,12285.66969644203
39061,39,061,NH3,3176.456745582666
39061,39,061,NOX,362192.6619613355
39061,39,061,SO2,1018537.6728163445
39063,39,063,NH3,147.0339112
39063,39,063,NOX,1975.081755815731
39063,39,063,SO2,1644.341448019442
39065,39,065,NH3,785.6895000000001
39065,39,065,NOX,11.794984903000007
39065,39,065,SO2,22.45858735949999
39067,39,067,NH3,32.45707699999999
39067,39,067,NOX,1939.59177323
39067,39,067,SO2,280.4227069600001
39069,39,069,NH3,27.8931599587
39069,39,069,NOX,3275.642039185701
39069,39,069,SO2,28828.2454363592
39071,39,071,NH3,3.30575
39071,39,071,NOX,34.752916277000004
39071,39,071,SO2,17.661998921
39073,39,073,NH3,9.959999999999999
39073,39,073,NOX,6193.9754123847015
39073,39,073,SO2,397.8644931397002
39075,39,075,NH3,47.718504999199986
39075,39,075,NOX,4680.862335688501
39075,39,075,SO2,64.00934646679998
39077,39,077,NH3,21.970014400900002
39077,39,077,NOX,5742.672575427602
39077,39,077,SO2,10389.947944477512
39079,39,079,NH3,383.3127
39079,39,079,NOX,420.8344885389999
39079,39,079,SO2,87.59517531950002
39081,39,081,NH3,211.49228455045082
39081,39,081,NOX,858150.7284755221
39081,39,081,SO2,2769464.23105738
39083,39,083,NH3,3.986465
39083,39,083,NOX,486.70716708100036
39083,39,083,SO2,365.5013294010004
39085,39,085,NH3,50.487810704500056
39085,39,085,NOX,106636.660551018
39085,39,085,SO2,543742.3688787989
39087,39,087,NH3,511.7664598
39087,39,087,NOX,9931.917589624998
39087,39,087,SO2,22785.16151283752
39089,39,089,NH3,4817.324245745599
39089,39,089,NOX,12230.961835745107
39089,39,089,SO2,5913.291083908096
39091,39,091,NH3,20.9213
39091,39,091,NOX,997.3914742412007
39091,39,091,SO2,135.61891479140002
39093,39,093,NH3,95.7287047199
39093,39,093,NOX,175562.28029564267
39093,39,093,SO2,666769.135192389
39095,39,095,NH3,8875.192981230066
39095,39,095,NOX,213576.6449298412
39095,39,095,SO2,288456.7589668114
39097,39,097,NH3,4.382772
39097,39,097,NOX,577.560588433
39097,39,097,SO2,2720.243359803502
39099,39,099,NH3,9.899279123699996
39099,39,099,NOX,11030.2273743067
39099,39,099,SO2,21596.055851565172
39101,39,101,NH3,163.0069323485
39101,39,101,NOX,3901.781307692849
39101,39,101,SO2,4507.516991480857
39103,39,103,NH3,453.614820594
39103,39,103,NOX,3464.806330742156
39103,39,103,SO2,1822.2005918896411
39105,39,105,NOX,463.57088142599963
39105,39,105,SO2,0.1407251299999999
39107,39,107,NOX,147.1953017747999
39107,39,107,SO2,511.7552372427302
39109,39,109,NH3,6.685065799999999
39109,39,109,NOX,2071.5007187230012
39109,39,109,SO2,6877.9353677124955
39111,39,111,NH3,5.9910638778
39111,39,111,NOX,2010.0887789318997
39111,39,111,SO2,28557.9776770427
39113,39,113,NH3,117.82269241949997
39113,39,113,NOX,53243.52303717952
39113,39,113,SO2,90341.63886704053
39115,39,115,NOX,5.880708002999999
39115,39,115,SO2,1.0234576720000002
39117,39,117,NH3,0.27437700000000004
39117,39,117,NOX,30.475876918000004
39117,39,117,SO2,6.033542634
39119,39,119,NH3,1372.2980763839
39119,39,119,NOX,16626.760934083777
39119,39,119,SO2,20481.22072552233
39121,39,121,NH3,0.0710577
39121,39,121,NOX,714.9865280500002
39121,39,121,SO2,2.504333960999999
39123,39,123,NH3,43.418920047700006
39123,39,123,NOX,9503.471232543607
39123,39,123,SO2,11970.560584985593
39125,39,125,NH3,17.448999999999998
39125,39,125,NOX,15198.63133600102
39125,39,125,SO2,24858.25153573278
39127,39,127,NH3,0.1241919994
39127,39,127,NOX,6368.6435976510065
39127,39,127,SO2,5961.8265875497
39129,39,129,NH3,64.48943972655431
39129,39,129,NOX,26573.37787581959
39129,39,129,SO2,132499.45871110502
39131,39,131,NH3,32.7662395401
39131,39,131,NOX,5750.623686647103
39131,39,131,SO2,33626.45147351971
39133,39,133,NH3,67.81018295
39133,39,133,NOX,2720.4567789020016
39133,39,133,SO2,5949.237761192505
39135,39,135,NH3,0.84144
39135,39,135,NOX,36.31649667999999
39135,39,135,SO2,2.384479176999997
39137,39,137,NH3,27.406309999999998
39137,39,137,NOX,1395.3572976430005
39137,39,137,SO2,39.81562833599999
39139,39,139,NH3,49.6213079884
39139,39,139,NOX,33717.2442389481
39139,39,139,SO2,40461.912645576376
39141,39,141,NH3,989.3782898573766
39141,39,141,NOX,69692.72191811149
39141,39,141,SO2,403300.10267651355
39143,39,143,NH3,461.33895804310015
39143,39,143,NOX,54125.41139036143
39143,39,143,SO2,31675.175933181225
39145,39,145,NH3,1336.8181379109005
39145,39,145,NOX,19390.618269337294
39145,39,145,SO2,38757.93601702509
39147,39,147,NH3,2.265165402000001
39147,39,147,NOX,36151.05781013219
39147,39,147,SO2,72898.7310604545
39149,39,149,NH3,465.69348402189996
39149,39,149,NOX,3743.6434956854005
39149,39,149,SO2,4623.238679039204
39151,39,151,NH3,2242.845791027303
39151,39,151,NOX,36852.703886579075
39151,39,151,SO2,19447.075897300674
39153,39,153,NH3,49.91657353435803
39153,39,153,NOX,21351.726826692608
39153,39,153,SO2,119015.93472064538
39155,39,155,NH3,1266.0145348614487
39155,39,155,NOX,86910.30469236337
39155,39,155,SO2,240529.46645388944
39157,39,157,NH3,67.6335784005
39157,39,157,NOX,15916.957357809908
39157,39,157,SO2,59440.34545912844
39159,39,159,NH3,6776.347643945202
39159,39,159,NOX,1139.3496676642305
39159,39,159,SO2,750.4163012122166
39161,39,161,NH3,19.020999999799997
39161,39,161,NOX,2253.0690260061
39161,39,161,SO2,12087.396585244898
39163,39,163,NH3,6.04108
39163,39,163,NOX,1674.8785457
39163,39,163,SO2,2711.7109313000014
39165,39,165,NH3,53.86507937560001
39165,39,165,NOX,17286.723090891122
39165,39,165,SO2,1858.352626498402
39167,39,167,NH3,4992.338573081169
39167,39,167,NOX,376754.1189534089
39167,39,167,SO2,2354117.6607950274
39169,39,169,NH3,110.19278319810002
39169,39,169,NOX,45124.02634557862
39169,39,169,SO2,313840.26240424655
39171,39,171,NH3,7.4034396458
39171,39,171,NOX,809.9847125733996
39171,39,171,SO2,383.8215065429998
39173,39,173,NH3,95.27213714800001
39173,39,173,NOX,26561.351015517055
39173,39,173,SO2,13690.62195074492
39175,39,175,NH3,698.7428160000001
39175,39,175,NOX,960.8412864774003
39175,39,175,SO2,51.63288140450003
42001,42,001,NH3,136.4252000408
42001,42,001,NOX,4517.667617949358
42001,42,001,SO2,211.8938144342605
42003,42,003,NH3,6449.229688098009
42003,42,003,NOX,300229.8640435872
42003,42,003,SO2,566918.1122764545
42005,42,005,NH3,198.14368123378588
42005,42,005,NOX,419309.83577852097
42005,42,005,SO2,2283818.9507436976
42007,42,007,NH3,708.8203963516577
42007,42,007,NOX,466884.34924720787
42007,42,007,SO2,494328.60794495424
42009,42,009,NH3,1.6964649955000004
42009,42,009,NOX,7798.158803880438
42009,42,009,SO2,38.33627115978998
42011,42,011,NH3,1218.6985926400546
42011,42,011,NOX,87889.82860786922
42011,42,011,SO2,169974.29002271657
42013,42,013,NH3,318.55041644399205
42013,42,013,NOX,17976.61703330863
42013,42,013,SO2,57657.881114952186
42015,42,015,NH3,1606.5740995989004
42015,42,015,NOX,6557.3973836652
42015,42,015,SO2,713.2008405956001
42017,42,017,NH3,1650.5349815590253
42017,42,017,NOX,30469.943870582298
42017,42,017,SO2,9736.166453139365
42019,42,019,NH3,184.40540012702428
42019,42,019,NOX,31209.43423563346
42019,42,019,SO2,54873.37478525144
42021,42,021,NH3,155.35805599886712
42021,42,021,NOX,41513.51015328637
42021,42,021,SO2,101121.86233319597
42023,42,023,NH3,0.002
42023,42,023,NOX,57.3371357998
42023,42,023,SO2,0.15573873049999998
42025,42,025,NH3,36.297992885719125
42025,42,025,NOX,9041.105882020202
42025,42,025,SO2,10994.836326727696
42027,42,027,NH3,200.75389999130002
42027,42,027,NOX,41900.07098679916
42027,42,027,SO2,58374.93140614712
42029,42,029,NH3,324.1520486680888
42029,42,029,NOX,49788.45866421168
42029,42,029,SO2,59888.79447897939
42031,42,031,NH3,36.3984899046
42031,42,031,NOX,10195.6421015109
42031,42,031,SO2,11860.593737235002
42033,42,033,NH3,36.210083173442236
42033,42,033,NOX,108171.72494475814
42033,42,033,SO2,636948.7825226851
42035,42,035,NH3,18.5374105037
42035,42,035,NOX,22171.5484977402
42035,42,035,SO2,44411.12883445887
42037,42,037,NH3,14.568099998099992
42037,42,037,NOX,3211.778363407002
42037,42,037,SO2,3979.8385446608154
42039,42,039,NH3,1.6536480878999995
42039,42,039,NOX,47505.781807551946
42039,42,039,SO2,6681.148212742136
42041,42,041,NH3,38.95394113940006
42041,42,041,NOX,74736.73126851946
42041,42,041,SO2,14280.328576633055
42043,42,043,NH3,97.55240404008998
42043,42,043,NOX,23642.000539599267
42043,42,043,SO2,5683.727708046888
42045,42,045,NH3,791.7889231489481
42045,42,045,NOX,68825.35046473786
42045,42,045,SO2,71194.3593963083
42047,42,047,NH3,535.2977499372
42047,42,047,NOX,27944.30774705622
42047,42,047,SO2,43936.502259129105
42049,42,049,NH3,534.7718700383003
42049,42,049,NOX,53419.24133572301
42049,42,049,SO2,116303.80877972746
42051,42,051,NH3,384.35443160719996
42051,42,051,NOX,8111.506052769667
42051,42,051,SO2,2900.3654547841925
42053,42,053,NH3,0.0084
42053,42,053,NOX,10163.199635120403
42053,42,053,SO2,2.831007561500001
42055,42,055,NH3,4.7462756732999996
42055,42,055,NOX,4027.715692222196
42055,42,055,SO2,2189.059113128805
42057,42,057,NH3,0.15820000069999998
42057,42,057,NOX,127.56767961959994
42057,42,057,SO2,8.020743839399998
42059,42,059,NH3,330.93339907250004
42059,42,059,NOX,342214.91014989046
42059,42,059,SO2,1578463.762704657
42061,42,061,NH3,4.733299999499999
42061,42,061,NOX,1397.7847294781031
42061,42,061,SO2,4079.098428648906
42063,42,063,NH3,425.39417749618286
42063,42,063,NOX,803912.7978926467
42063,42,063,SO2,2399709.942530037
42065,42,065,NH3,86.58740038317647
42065,42,065,NOX,19212.17818982788
42065,42,065,SO2,10401.343794145212
42067,42,067,NH3,0.02
42067,42,067,NOX,5763.605363435398
42067,42,067,SO2,48.36326419571002
42069,42,069,NH3,614.3257467292001
42069,42,069,NOX,6959.0826496875
42069,42,069,SO2,4666.082360637516
42071,42,071,NH3,399.37740008499475
42071,42,071,NOX,52616.746609258036
42071,42,071,SO2,72163.51314127451
42073,42,073,NH3,42.0262742826627
42073,42,073,NOX,91232.50668139054
42073,42,073,SO2,301729.6145341804
42075,42,075,NH3,511.4030002126
42075,42,075,NOX,11631.546758050321
42075,42,075,SO2,6832.050462571891
42077,42,077,NH3,215.05750781499987
42077,42,077,NOX,19190.86655112642
42077,42,077,SO2,19307.726989839037
42079,42,079,NH3,716.8767116643348
42079,42,079,NOX,23963.23614213329
42079,42,079,SO2,41355.30896771584
42081,42,081,NH3,249.26609999929994
42081,42,081,NOX,6603.876223987893
42081,42,081,SO2,939.1320890539006
42083,42,083,NH3,174.84910000009998
42083,42,083,NOX,29426.15558902401
42083,42,083,SO2,45548.83764919988
42085,42,085,NH3,398.6174206326
42085,42,085,NOX,27346.647499035436
42085,42,085,SO2,791.6797011822996
42087,42,087,NH3,21.456300002899997
42087,42,087,NOX,2109.2688973793006
42087,42,087,SO2,312.46584570420004
42089,42,089,NH3,40.706200014899984
42089,42,089,NOX,1931.7401318602797
42089,42,089,SO2,1243.120918964301
42091,42,091,NH3,1085.5249183448566
42091,42,091,NOX,34609.72546402073
42091,42,091,SO2,11247.936216497066
42093,42,093,NH3,42.861279663735345
42093,42,093,NOX,251723.99221722895
42093,42,093,SO2,1204704.3453551924
42095,42,095,NH3,1856.3499027199396
42095,42,095,NOX,218869.872055149
42095,42,095,SO2,540808.3889863258
42097,42,097,NH3,932.2019063788
42097,42,097,NOX,8982.831159688718
42097,42,097,SO2,10588.791900610291
42099,42,099,NH3,0.029193410000000006
42099,42,099,NOX,3273.999108787203
42099,42,099,SO2,23.09308145459998
42101,42,101,NH3,3337.8031100400085
42101,42,101,NOX,103252.5740890446
42101,42,101,SO2,89489.26557765
42103,42,103,NH3,2.2
42103,42,103,NOX,106.04878441401871
42103,42,103,SO2,1.235197603
42105,42,105,NH3,14.004299992899996
42105,42,105,NOX,27483.8375328898
42105,42,105,SO2,1048.4972880069013
42107,42,107,NH3,110.88552387420624
42107,42,107,NOX,24553.878976677956
42107,42,107,SO2,66659.29856971554
42109,42,109,NH3,63.6279285149788
42109,42,109,NOX,85924.64533211516
42109,42,109,SO2,369112.0078892446
42111,42,111,NH3,6.4866999967000005
42111,42,111,NOX,2775.074310964002
42111,42,111,SO2,2815.571409042601
42113,42,113,NOX,0.047078319999999986
42113,42,113,SO2,0.0072428189999999976
42115,42,115,NH3,9.0599
42115,42,115,NOX,472.2942579944999
42115,42,115,SO2,31.084916352699995
42117,42,117,NH3,23.3879999975
42117,42,117,NOX,8416.343706245589
42117,42,117,SO2,2623.501314456503
42119,42,119,NH3,30.58070006759999
42119,42,119,NOX,2428.950385563217
42119,42,119,SO2,468.7406952106223
42121,42,121,NH3,74.24338424137976
42121,42,121,NOX,16441.30970549797
42121,42,121,SO2,36098.85370205254
42123,42,123,NH3,1343.5279996264
42123,42,123,NOX,23527.542794682216
42123,42,123,SO2,75871.25760763652
42125,42,125,NH3,17512.071263014237
42125,42,125,NOX,121869.96424256389
42125,42,125,SO2,65799.32151032251
42127,42,127,NH3,1.6553
42127,42,127,NOX,785.1169984652503
42127,42,127,SO2,1731.1230263371144
42129,42,129,NH3,318.1184999700998
42129,42,129,NOX,43369.6239292015
42129,42,129,SO2,18292.448930861185
42131,42,131,NH3,156.7173998548
42131,42,131,NOX,16555.46022730109
42131,42,131,SO2,9404.690172709894
42133,42,133,NH3,1576.7517899849147
42133,42,133,NOX,369031.55330819567
42133,42,133,SO2,1099979.1821183604
47001,47,001,NH3,197.2238746438
47001,47,001,NOX,177549.65903796302
47001,47,001,SO2,509903.49750715354
47003,47,003,NH3,334.6614600000001
47003,47,003,NOX,651.9379797468499
47003,47,003,SO2,248.90743164553666
47005,47,005,NOX,428.3847253469999
47005,47,005,SO2,151.06447624700007
47007,47,007,NOX,0.09455331700000001
47007,47,007,SO2,0.019149118999999996
47009,47,009,NH3,5.960000000000001
47009,47,009,NOX,18789.14667040602
47009,47,009,SO2,31930.570517429394
47011,47,011,NH3,241.4046215093
47011,47,011,NOX,1981.4291609609008
47011,47,011,SO2,1119.0377885062203
47013,47,013,NH3,22.584500000000002
47013,47,013,NOX,22.174065818000003
47013,47,013,SO2,12.98001723999999
47015,47,015,NOX,0.053329425
47015,47,015,SO2,0.010557756
47017,47,017,NH3,0.13230017600000002
47017,47,017,NOX,1978.827745390001
47017,47,017,SO2,1552.6258644596999
47019,47,019,NH3,110.685
47019,47,019,NOX,3436.946999340001
47019,47,019,SO2,13173.656361108007
47021,47,021,NOX,604.2547074259998
47021,47,021,SO2,38.60841223700004
47025,47,025,NOX,88.51045947999992
47025,47,025,SO2,357.9131037860001
47027,47,027,NOX,430.6396482129999
47027,47,027,SO2,206.36331756499996
47029,47,029,NH3,8.689
47029,47,029,NOX,1529.1492857
47029,47,029,SO2,1294.860524134499
47031,47,031,NH3,13.073022275999998
47031,47,031,NOX,2852.453450903139
47031,47,031,SO2,640.8807054023451
47033,47,033,NH3,48.35
47035,47,035,NH3,4.6049999999999995
47035,47,035,NOX,2090.850303739751
47035,47,035,SO2,416.0596249170088
47037,47,037,NH3,160.80310610600003
47037,47,037,NOX,72179.91591065827
47037,47,037,SO2,56669.22026994595
47039,47,039,NOX,0.20189621300000005
47039,47,039,SO2,0.035607565000000015
47041,47,041,NOX,697.658912574
47041,47,041,SO2,51.94543038349998
47043,47,043,NH3,1.4220000000000002
47043,47,043,NOX,1457.2720505880004
47043,47,043,SO2,37.17136784579999
47045,47,045,NOX,16391.186416769473
47045,47,045,SO2,2125.8489164642706
47047,47,047,NH3,0.03704673
47047,47,047,NOX,134.36451069900002
47047,47,047,SO2,3179.884153074998
47049,47,049,NOX,434.7933402599999
47049,47,049,SO2,19.050632554999986
47051,47,051,NH3,0
47051,47,051,NOX,1005.4916585868
47051,47,051,SO2,775.2433555910383
47053,47,053,NH3,7.484599999999998
47053,47,053,NOX,1009.0162906582998
47053,47,053,SO2,1559.650148031899
47055,47,055,NH3,133.70205
47055,47,055,NOX,507.8718679847801
47055,47,055,SO2,251.83412703834222
47057,47,057,NOX,0.023527156
47057,47,057,SO2,0.0036195629999999997
47059,47,059,NH3,530.312015
47059,47,059,NOX,602.450756836
47059,47,059,SO2,474.71310019399976
47061,47,061,NOX,0.022172772000000007
47061,47,061,SO2,0.003411197999999999
47063,47,063,NH3,10.423017000000002
47063,47,063,NOX,25339.503991246645
47063,47,063,SO2,49218.739041227454
47065,47,065,NH3,478.9311825932003
47065,47,065,NOX,55111.05949270375
47065,47,065,SO2,53161.81955539663
47067,47,067,NOX,928.7632832709999
47067,47,067,SO2,128.76807471049992
47069,47,069,NH3,0.6120000000000001
47069,47,069,NOX,25540.035163183988
47069,47,069,SO2,8242.265487824357
47071,47,071,NH3,478.31355806
47071,47,071,NOX,39429.893168962066
47071,47,071,SO2,43633.96061299574
47073,47,073,NH3,238.35896434737
47073,47,073,NOX,165614.64807987103
47073,47,073,SO2,594103.3432491672
47075,47,075,NH3,152.54592599999998
47075,47,075,NOX,22156.2389926067
47075,47,075,SO2,3032.7182554321143
47077,47,077,NOX,403.23214051000014
47077,47,077,SO2,652.6066759170003
47079,47,079,NH3,6.330000000000001
47079,47,079,NOX,21625.74025973605
47079,47,079,SO2,1734.5358119789896
47081,47,081,NOX,37502.964247979035
47081,47,081,SO2,5.718565593000001
47083,47,083,NOX,10.710460620000001
47083,47,083,SO2,1.0836314269999998
47085,47,085,NH3,2696.0569844860006
47085,47,085,NOX,261879.91806347796
47085,47,085,SO2,1363082.4726897492
47087,47,087,NOX,7.519785849999999
47087,47,087,SO2,0.82971559
47089,47,089,NH3,4.73
47089,47,089,NOX,119.11255318279996
47089,47,089,SO2,115.093194327604
47091,47,091,NH3,1.337
47091,47,091,NOX,1.030811348
47091,47,091,SO2,0.20840448399999997
47093,47,093,NH3,240.139786078
47093,47,093,NOX,49944.46797391301
47093,47,093,SO2,5589.819696067997
47095,47,095,NOX,11.02277274
47095,47,095,SO2,1.1470119300000001
47097,47,097,NOX,380.05989453500035
47097,47,097,SO2,2.745350098500001
47099,47,099,NH3,10.008
47099,47,099,NOX,404.9295975680001
47099,47,099,SO2,3730.2445115100018
47101,47,101,NOX,2.967031677000002
47101,47,101,SO2,0.276347445
47103,47,103,NH3,0.41939999999999994
47103,47,103,NOX,424.06067906799996
47103,47,103,SO2,41.0608467874141
47105,47,105,NH3,115.690355
47105,47,105,NOX,22261.64447090599
47105,47,105,SO2,42329.77859371955
47107,47,107,NH3,855.919033786
47107,47,107,NOX,63056.702476323735
47107,47,107,SO2,85570.53643469927
47109,47,109,NOX,10.691853662000002
47109,47,109,SO2,1.3122787693
47111,47,111,NOX,6024.024438409999
47111,47,111,SO2,13.642166023999998
47113,47,113,NH3,140.82542299999997
47113,47,113,NOX,10356.553797197603
47113,47,113,SO2,3924.7673496847883
47115,47,115,NH3,0.16499999999999998
47115,47,115,NOX,203.24608123500002
47115,47,115,SO2,158.22088916599998
47117,47,117,NOX,201.15661800799992
47117,47,117,SO2,173.7903866490001
47119,47,119,NH3,4.544299999999999
47119,47,119,NOX,22886.212779202197
47119,47,119,SO2,10595.977491652518
47121,47,121,NH3,3.552
47123,47,123,NOX,1996.9928223810002
47123,47,123,SO2,37.91620592199998
47125,47,125,NH3,10.456
47125,47,125,NOX,4772.117521597472
47125,47,125,SO2,32251.64414652727
47127,47,127,NOX,2919.5081199999995
47127,47,127,SO2,773.80027294
47129,47,129,NOX,25.313000000000006
47129,47,129,SO2,0.321
47131,47,131,NH3,108.55628317299997
47131,47,131,NOX,16761.741149968013
47131,47,131,SO2,3708.268485375975
47133,47,133,NOX,26.202591512999998
47133,47,133,SO2,0.6122675200000001
47135,47,135,NH3,0
47135,47,135,NOX,18690.146136558018
47135,47,135,SO2,17.572985212099994
47139,47,139,NH3,6.005999999999999
47139,47,139,NOX,68.66926814299995
47139,47,139,SO2,12846.729850699994
47141,47,141,NH3,55.13099999999999
47141,47,141,NOX,1643.3362341185
47141,47,141,SO2,1479.992418014814
47143,47,143,NH3,60.425520000000006
47143,47,143,NOX,2314.4151953970004
47143,47,143,SO2,1536.887009389898
47145,47,145,NH3,582.8850873459998
47145,47,145,NOX,260231.779416025
47145,47,145,SO2,955157.2705535451
47147,47,147,NOX,825.2668631522602
47147,47,147,SO2,74.1835238618432
47149,47,149,NH3,22.899851546
47149,47,149,NOX,4940.024705318575
47149,47,149,SO2,3918.584449823457
47151,47,151,NOX,989.8340833940003
47151,47,151,SO2,244.281130591
47153,47,153,NOX,0.069648213
47153,47,153,SO2,0.015317564999999997
47155,47,155,NH3,0.25
47155,47,155,NOX,1016.3056359078
47155,47,155,SO2,1043.6859277849069
47157,47,157,NH3,12698.962600619183
47157,47,157,NOX,365291.7555678925
47157,47,157,SO2,354359.9206251328
47159,47,159,NH3,534.0735
47159,47,159,NOX,708.5055671605901
47159,47,159,SO2,11.4606635217036
47161,47,161,NH3,389.05974600099995
47161,47,161,NOX,859882.0971064111
47161,47,161,SO2,550474.9341547036
47163,47,163,NH3,964.092207846
47163,47,163,NOX,261318.81398951975
47163,47,163,SO2,510198.4237213796
47165,47,165,NH3,642.0546405900002
47165,47,165,NOX,212046.43804238
47165,47,165,SO2,869126.4283030195
47167,47,167,NOX,9825.669921782508
47167,47,167,SO2,3.1753905452067
47169,47,169,NH3,0
47169,47,169,NOX,722.4602626000001
47169,47,169,SO2,9.721218657389999
47171,47,171,NH3,0.329220346
47171,47,171,NOX,879.926087
47171,47,171,SO2,26.762889935
47173,47,173,NOX,7199.624585000001
47173,47,173,SO2,20239.196090000027
47175,47,175,NOX,0.024748026
47175,47,175,SO2,0.0038073889999999996
47177,47,177,NOX,392.10967242299984
47177,47,177,SO2,64.63541665099994
47179,47,179,NH3,0.22124164000000002
47179,47,179,NOX,3548.6118690920034
47179,47,179,SO2,4402.867026972153
47181,47,181,NOX,14812.624296528002
47181,47,181,SO2,131.11579562499992
47183,47,183,NOX,2802.375556640002
47183,47,183,SO2,1568.1142469001775
47185,47,185,NOX,92.22424944594997
47185,47,185,SO2,2.80779498475
47187,47,187,NOX,1084.3420347
47187,47,187,SO2,5328.449491773999
47189,47,189,NH3,0
47189,47,189,NOX,3843.097305962003
47189,47,189,SO2,5.074127524599996
51051,51,051,NOX,49.392
51520,51,520,NOX,12.290000000000001
51520,51,520,SO2,3.8299999999999996
54001,54,001,NOX,2852.9743748420005
54001,54,001,SO2,0.9620976032999999
54003,54,003,NH3,971.9579799999998
54003,54,003,NOX,39521.182594848324
54003,54,003,SO2,25679.260076580762
54005,54,005,NH3,250.0315
54005,54,005,NOX,3751.0072200000004
54005,54,005,SO2,0.9617800000000002
54007,54,007,NH3,0.027979999999999998
54007,54,007,NOX,6465.455823912003
54007,54,007,SO2,246.21855536199394
54009,54,009,NH3,1777.2899077060006
54009,54,009,NOX,13378.792531052994
54009,54,009,SO2,11257.198051175015
54011,54,011,NH3,46.659
54011,54,011,NOX,5258.571438975998
54011,54,011,SO2,1015.1894320350001
54013,54,013,NOX,8669.4149247
54013,54,013,SO2,1.8121984875
54017,54,017,NOX,7944.181328268
54017,54,017,SO2,14.099417199699998
54019,54,019,NH3,133.25706940099994
54019,54,019,NOX,21179.47439518301
54019,54,019,SO2,30495.238188926025
54021,54,021,NOX,12050.864065616994
54021,54,021,SO2,3.5516114136600003
54023,54,023,NH3,41.97466192
54023,54,023,NOX,258651.9489122471
54023,54,023,SO2,508990.04785753076
54025,54,025,NOX,426.1922701370001
54025,54,025,SO2,450.98724200928024
54027,54,027,NH3,0.1473989
54027,54,027,NOX,381.13772519399964
54027,54,027,SO2,2.0806253119999987
54029,54,029,NH3,151.02310000000003
54029,54,029,NOX,39128.815086959024
54029,54,029,SO2,9315.678742111493
54031,54,031,NH3,5.71028
54031,54,031,NOX,5227.912424099999
54031,54,031,SO2,28.886620180860014
54033,54,033,NH3,186.98264522999997
54033,54,033,NOX,374553.4798955868
54033,54,033,SO2,442612.9935441451
54035,54,035,NH3,9.084889167999997
54035,54,035,NOX,4780.111996442001
54035,54,035,SO2,22051.888978084757
54037,54,037,NH3,32.51258
54037,54,037,NOX,1323.2012091009997
54037,54,037,SO2,5956.346697438499
54039,54,039,NH3,1007.9965072321007
54039,54,039,NOX,148953.28240078656
54039,54,039,SO2,192636.51018653004
54041,54,041,NH3,0.053
54041,54,041,NOX,28987.794881191516
54041,54,041,SO2,7.555760499400003
54043,54,043,NH3,0.13553140400000002
54043,54,043,NOX,1592.159769568999
54043,54,043,SO2,2.1581775303499993
54045,54,045,NOX,18.696752439230004
54045,54,045,SO2,3.7573107083179997
54047,54,047,NH3,0.04398192000000001
54047,54,047,NOX,770.1498495949999
54047,54,047,SO2,134.79502260560005
54049,54,049,NH3,29.579696499999997
54049,54,049,NOX,34671.11827426901
54049,54,049,SO2,60977.55757891945
54051,54,051,NH3,352.02561577600005
54051,54,051,NOX,366415.4753666066
54051,54,051,SO2,1081991.2483033594
54053,54,053,NH3,67.84896199999997
54053,54,053,NOX,240216.15461989102
54053,54,053,SO2,631656.8920968467
54055,54,055,NH3,0.5386206200000001
54055,54,055,NOX,1354.4058780599796
54055,54,055,SO2,26.542794182840787
54057,54,057,NH3,257.35156946000006
54057,54,057,NOX,4285.944766301699
54057,54,057,SO2,3066.2474567438285
54059,54,059,NH3,0.47208211099999997
54059,54,059,NOX,4842.693880025003
54059,54,059,SO2,7.856985002999997
54061,54,061,NH3,260.79560651999986
54061,54,061,NOX,246898.58912574482
54061,54,061,SO2,678159.0901880736
54063,54,063,NOX,0.023351195999999998
54063,54,063,SO2,0.0035924905000000004
54065,54,065,NH3,0.802556305
54065,54,065,NOX,502.39008888400014
54065,54,065,SO2,245.55188848199998
54067,54,067,NOX,1037.9639502750003
54067,54,067,SO2,81.16344943000007
54069,54,069,NOX,930.5018995453099
54069,54,069,SO2,73.90739255367698
54071,54,071,NH3,0.41348
54071,54,071,NOX,4677.175342639999
54071,54,071,SO2,110.6437286929
54073,54,073,NH3,267.38827395999994
54073,54,073,NOX,207984.55711494602
54073,54,073,SO2,529491.331329077
54075,54,075,NH3,1.4400000000000002
54075,54,075,NOX,111.22269073599999
54075,54,075,SO2,26.274541948499998
54077,54,077,NH3,28.578421065999997
54077,54,077,NOX,33602.85816706947
54077,54,077,SO2,138880.72547420685
54079,54,079,NH3,88.963079
54079,54,079,NOX,349273.3137979102
54079,54,079,SO2,733849.4725917996
54081,54,081,NOX,636.8843678860005
54081,54,081,SO2,154.87396169269968
54083,54,083,NH3,0.5157421499999999
54083,54,083,NOX,24368.236322001998
54083,54,083,SO2,560.7040100810698
54085,54,085,NOX,3496.0766999999996
54085,54,085,SO2,0.4767060000000001
54087,54,087,NOX,4.982879036000001
54087,54,087,SO2,0.6497561438999999
54089,54,089,NOX,1287.355026080001
54089,54,089,SO2,1.4678539145999998
54091,54,091,NH3,0.7334737760000004
54091,54,091,NOX,9262.512069899003
54091,54,091,SO2,1957.2686069952495
54093,54,093,NOX,2973.74835975
54093,54,093,SO2,350.07659693662487
54095,54,095,NH3,13.224999000000002
54095,54,095,NOX,5207.302499000001
54095,54,095,SO2,11.133359449999997
54097,54,097,NOX,7322.623565386
54097,54,097,SO2,24.175405380369998
54099,54,099,NH3,8.0440608
54099,54,099,NOX,38003.531033028514
54099,54,099,SO2,1642.1439905671
54101,54,101,NH3,13.260265
54101,54,101,NOX,30.03
54101,54,101,SO2,1.5739999999999998
54103,54,103,NH3,12.713553299999997
54103,54,103,NOX,13090.975984851993
54103,54,103,SO2,17.042221854735
54105,54,105,NOX,143.68965441599997
54105,54,105,SO2,0.043562216000000015
54107,54,107,NH3,388.5734997078038
54107,54,107,NOX,20381.194811180598
54107,54,107,SO2,53023.06835025941
54109,54,109,NH3,0.03227
54109,54,109,NOX,27458.874237639993
54109,54,109,SO2,2179.897969202401
55105,55,105,NH3,1.72
55105,55,105,NOX,347.90055185700015
55105,55,105,SO2,10.542188338299999
